School_ID,School_Type,Student_Count_Total,ADA_Accessible,Dress_Code,Bilingual_Services,Refugee_Services,Title_1_Eligible,Average_ACT_School,College_Enrollment_Rate_School,Graduation_Rate_School,Overall_Rating,Rating_Status,Student_Growth_Rating,Student_Attainment_Rating,Culture_Climate_Rating,School_Survey_Involved_Families,School_Survey_Supportive_Environment,School_Survey_Ambitious_Instruction,School_Survey_Effective_Leaders,School_Survey_Collaborative_Teachers,School_Survey_Safety,School_Survey_School_Community,School_Survey_Parent_Teacher_Partnership,School_Survey_Quality_Of_Facilities,Growth_ACT_Grade_11_Pct,Attainment_ACT_Grade_11_Pct,Freshmen_On_Track_School_Pct_Year_2,College_Persistence_School_Pct_Year_2,Supportive_School_Award,lib_cnt,Neighborhood Name,PRED_NON_ENG_LANG,PRED_NON_ENG_PERCENT,PERCENT OF HOUSING CROWDED,PERCENT HOUSEHOLDS BELOW POVERTY,PERCENT AGED 16+ UNEMPLOYED,PERCENT AGED 25+ WITHOUT HIGH SCHOOL DIPLOMA,PERCENT AGED UNDER 18 OR OVER 64,PER CAPITA INCOME,HARDSHIP INDEX,Suspensions_Per_100_Students_Change,Misconducts_To_Suspensions_Change,Student_Attendance_Change,Teacher_Attendance_Change,One_Year_Dropout_Rate_Change,Student_Low_Income_Pct,Student_Special_Ed_Pct,Student_English_Learners_Pct,Student_Black_Pct,Student_Hispanic_Pct,Student_White_Pct,Student_Asian_Pct
609764,Neighborhood,1739,Generally accessible,N,Y,Y,Y,16.5,50.6,80.9,Level 2+,Good Standing,BELOW AVERAGE,BELOW AVERAGE,MODERATELY ORGANIZED,NEUTRAL,NEUTRAL,NEUTRAL,WEAK,STRONG,WEAK,NEUTRAL,NEUTRAL,NEUTRAL,-1,19,81.5,64.4,Coming Soon,6,LOWER WEST SIDE,SPANISH,0.4,0.096,0.258,0.158,0.407,0.326,16444,76,2.6,-0.1,-0.3,4.8,-0.4,0.95399655,0.161587119,0.190339275,0.033352501,0.945370903,0.006900518,0.002875216
400054,Charter,992,Generally accessible,Y,N,N,Y,21.9,85.7,90.3,Level 1+,Not Applicable,FAR ABOVE AVERAGE,ABOVE AVERAGE,WELL ORGANIZED,STRONG,STRONG,VERY STRONG,NEUTRAL,VERY STRONG,WEAK,NOT ENOUGH DATA,NOT ENOUGH DATA,NOT ENOUGH DATA,3.8,74,87.6,70.8,Coming Soon,4,HERMOSA,SPANISH,0.38,0.069,0.205,0.131,0.416,0.364,15089,71,0,0,0.6,0,-0.8,0.943548387,0.106854839,0.120967742,0.030241935,0.952620968,0.009072581,0.001008065
609726,Selective enrollment,959,Fully Accessible,N,N,N,Y,22.5,85.1,93.4,Level 1+,Good Standing,ABOVE AVERAGE,ABOVE AVERAGE,WELL ORGANIZED,STRONG,STRONG,VERY STRONG,NEUTRAL,NEUTRAL,NEUTRAL,NOT ENOUGH DATA,NOT ENOUGH DATA,NOT ENOUGH DATA,0.6,80,94.4,88,Coming Soon,3,ROSELAND,SPANISH,0,0.025,0.198,0.203,0.169,0.412,17949,52,-3.2,-5.9,0,4.7,-1.2,0.721584984,0.061522419,0.002085506,0.789363921,0.182481752,0.00729927,0.001042753
400094,Charter,523,Generally accessible,Y,Y,N,Y,17.5,72.7,69.9,Level 1+,Not Applicable,FAR ABOVE AVERAGE,BELOW AVERAGE,ORGANIZED,STRONG,STRONG,STRONG,WEAK,NEUTRAL,WEAK,NOT ENOUGH DATA,NOT ENOUGH DATA,NOT ENOUGH DATA,1.9,28,91.6,69.4,Coming Soon,2,SOUTH CHICAGO,SPANISH,0.09,0.047,0.298,0.197,0.266,0.411,16579,75,0,0,-0.9,0,0.6,0.938814532,0.223709369,0.137667304,0.632887189,0.355640535,0.003824092,0
609755,Selective enrollment,2156,Generally accessible,N,Y,N,N,27.9,85.2,96.2,Level 1+,Good Standing,FAR ABOVE AVERAGE,FAR ABOVE AVERAGE,WELL ORGANIZED,VERY STRONG,VERY STRONG,VERY STRONG,STRONG,STRONG,STRONG,NOT ENOUGH DATA,NOT ENOUGH DATA,NOT ENOUGH DATA,1.8,99,97.9,93.4,Coming Soon,7,NEAR WEST SIDE,SPANISH,0.02,0.038,0.206,0.107,0.096,0.222,44689,15,0.6,3.4,-0.6,4.7,0.6,0.413265306,0.066790353,0.010667904,0.213821892,0.298701299,0.282467532,0.159090909
609756,Magnet,2924,Generally accessible,N,Y,N,Y,17.4,65.8,76,Level 2+,Good Standing,BELOW AVERAGE,BELOW AVERAGE,ORGANIZED,NEUTRAL,NEUTRAL,STRONG,NEUTRAL,STRONG,WEAK,NOT ENOUGH DATA,NOT ENOUGH DATA,NOT ENOUGH DATA,-1.1,27,71.7,74.7,Emerging,5,ARCHER HEIGHTS,SPANISH,0.32,0.085,0.141,0.165,0.359,0.392,16134,67,1.1,-20.6,-0.4,4.2,-0.8,0.927838577,0.106019152,0.110807114,0.130984952,0.812927497,0.021887825,0.025991792
610518,Small,223,Generally accessible,N,Y,N,Y,14.6,40,70.9,Level 3,Intensive Support,BELOW AVERAGE,FAR BELOW AVERAGE,PARTIALLY ORGANIZED,NEUTRAL,WEAK,NEUTRAL,WEAK,NEUTRAL,VERY WEAK,NOT ENOUGH DATA,NOT ENOUGH DATA,NOT ENOUGH DATA,-0.9,7,55.6,47.6,Coming Soon,4,AUSTIN,SPANISH,0.03,0.063,0.286,0.226,0.244,0.379,15957,73,-16,-2.8,4.6,4.8,-3.4,0.968609865,0.286995516,0.013452915,0.964125561,0.022421525,0.004484305,0
400077,Charter,635,Generally accessible,Y,N,N,Y,17.2,80.4,76.3,Level 1,Not Applicable,ABOVE AVERAGE,BELOW AVERAGE,WELL ORGANIZED,STRONG,NEUTRAL,VERY STRONG,STRONG,STRONG,VERY WEAK,NOT ENOUGH DATA,NOT ENOUGH DATA,NOT ENOUGH DATA,0.9,25,82,84.6,Coming Soon,2,WOODLAWN,SPANISH,0.01,0.029,0.307,0.234,0.165,0.361,18672,58,0,0,2,0,5.4,0.839370079,0.163779528,0.003149606,0.976377953,0.012598425,0,0
400056,Charter,474,Fully Accessible,Y,Y,N,Y,18.5,76.9,82.4,Level 2+,Not Applicable,FAR ABOVE AVERAGE,BELOW AVERAGE,MODERATELY ORGANIZED,NEUTRAL,NEUTRAL,VERY STRONG,WEAK,NEUTRAL,VERY WEAK,NOT ENOUGH DATA,NOT ENOUGH DATA,NOT ENOUGH DATA,1.6,39,65.3,70.9,Coming Soon,3,HUMBOLDT PARK,SPANISH,0.18,0.148,0.339,0.173,0.354,0.38,13781,85,0,0,0.7,0,5.1,0.930379747,0.246835443,0.05907173,0.751054852,0.238396624,0.002109705,0.002109705
610394,Small,245,Generally accessible,N,Y,N,Y,15.6,65.4,74.3,Level 2+,Good Standing,BELOW AVERAGE,BELOW AVERAGE,WELL ORGANIZED,NEUTRAL,STRONG,STRONG,NEUTRAL,STRONG,WEAK,NOT ENOUGH DATA,NOT ENOUGH DATA,NOT ENOUGH DATA,-1.3,12,85.1,59.6,Coming Soon,4,UPTOWN,SPANISH,0.05,0.038,0.24,0.089,0.118,0.222,35787,20,-8.6,-36.5,0.4,3.1,-3.2,0.934693878,0.363265306,0.102040816,0.8,0.13877551,0.024489796,0.020408163
400058,Charter,357,Fully Accessible,Y,Y,N,Y,15.3,65.8,67.1,Level 1,Not Applicable,BELOW AVERAGE,BELOW AVERAGE,PARTIALLY ORGANIZED,WEAK,NEUTRAL,STRONG,WEAK,NEUTRAL,VERY WEAK,VERY STRONG,STRONG,VERY STRONG,-1.1,11,92.1,59.3,Coming Soon,8,NORTH LAWNDALE,SPANISH,0.02,0.074,0.431,0.212,0.276,0.427,12034,87,0,0,1.1,0,0.2,0.977591036,0.182072829,0,0.994397759,0.00280112,0.00280112,0
609692,Career academy,1339,Generally accessible,Y,N,N,Y,16.2,63.2,80.7,Level 1,Good Standing,BELOW AVERAGE,BELOW AVERAGE,ORGANIZED,NEUTRAL,NEUTRAL,STRONG,NEUTRAL,NEUTRAL,WEAK,NOT ENOUGH DATA,NOT ENOUGH DATA,NOT ENOUGH DATA,-1.4,16,81.7,77.1,Coming Soon,3,CHATHAM,SPANISH,0,0.033,0.278,0.24,0.145,0.403,18881,60,-5.8,-26.4,-0.6,4.4,0.8,0.920836445,0.099327857,0,0.988050784,0.008961912,0.000746826,0
610529,Neighborhood,880,Generally accessible,N,N,N,Y,19.7,72.6,83.6,Level 1,Good Standing,ABOVE AVERAGE,AVERAGE,WELL ORGANIZED,VERY STRONG,NEUTRAL,STRONG,NEUTRAL,STRONG,WEAK,NOT ENOUGH DATA,NOT ENOUGH DATA,NOT ENOUGH DATA,0.8,51,93.6,80,Coming Soon,8,WEST TOWN,SPANISH,0.1,0.023,0.147,0.066,0.129,0.217,43198,10,-1.3,9.1,-1.5,0,-0.9,0.546590909,0.105681818,0.0375,0.367045455,0.327272727,0.225,0.046590909
610340,Small,541,Fully Accessible,N,N,N,Y,18.5,80.4,85.4,Level 1,Good Standing,ABOVE AVERAGE,AVERAGE,PARTIALLY ORGANIZED,WEAK,STRONG,STRONG,VERY WEAK,WEAK,NEUTRAL,NOT ENOUGH DATA,NOT ENOUGH DATA,NOT ENOUGH DATA,0.7,40,83,64.9,Coming Soon,2,DUNNING,POLISH,0.15,0.052,0.106,0.1,0.162,0.336,26282,28,2.8,22.2,-1.7,5.4,1.9,0.820702403,0.208872458,0.099815157,0.118299445,0.617375231,0.197781885,0.051756007
609744,Special Education,230,Fully Accessible,N,Y,U,Y,17.46752137,0,3.1,Inability to Rate,Good Standing,NO DATA AVAILABLE,NO DATA AVAILABLE,WELL ORGANIZED,VERY STRONG,STRONG,VERY STRONG,NEUTRAL,STRONG,VERY STRONG,VERY STRONG,VERY STRONG,VERY STRONG,-0.062280702,29.64957265,100,65.80608696,Coming Soon,3,NORTH PARK,SPANISH,0.06,0.039,0.132,0.099,0.144,0.39,26576,33,1.8,11.1,0.7,4.8,0,0.843478261,1,0.330434783,0.226086957,0.504347826,0.2,0.043478261
609738,Neighborhood,2097,Fully Accessible,N,Y,N,N,22.3,79.6,87.7,Level 1+,Good Standing,ABOVE AVERAGE,ABOVE AVERAGE,ORGANIZED,NOT ENOUGH DATA,NEUTRAL,STRONG,NOT ENOUGH DATA,NOT ENOUGH DATA,WEAK,NOT ENOUGH DATA,NOT ENOUGH DATA,NOT ENOUGH DATA,0.6,78,87.7,86,Coming Soon,3,LINCOLN PARK,SPANISH,0.01,0.008,0.123,0.051,0.036,0.215,71551,2,-2,-28.7,-0.4,4.5,0,0.543156891,0.081068193,0.026227945,0.21316166,0.347639485,0.280877444,0.116833572
609746,Neighborhood,1763,Generally accessible,N,Y,N,Y,19.2,78.3,84.6,Level 1+,Good Standing,ABOVE AVERAGE,AVERAGE,WELL ORGANIZED,VERY STRONG,STRONG,VERY STRONG,STRONG,STRONG,NEUTRAL,NOT ENOUGH DATA,NOT ENOUGH DATA,NOT ENOUGH DATA,0.6,45,94.2,77.2,Coming Soon,2,KENWOOD,SPANISH,0.01,0.024,0.217,0.157,0.113,0.354,35911,26,0.1,-10.3,-1.5,5.1,0.1,0.601247873,0.061826432,0.00907544,0.832671583,0.044242768,0.051616563,0.028927964
609712,Neighborhood,132,No/unknown accessibility,Y,N,N,Y,13.1,40.5,36.1,Level 3,Intensive Support,FAR BELOW AVERAGE,FAR BELOW AVERAGE,WELL ORGANIZED,STRONG,STRONG,VERY STRONG,STRONG,STRONG,NEUTRAL,NOT ENOUGH DATA,NOT ENOUGH DATA,NOT ENOUGH DATA,-1.7,3,83.3,64.3,Coming Soon,3,GREATER GRAND CROSSING,SPANISH,0,0.036,0.296,0.23,0.165,0.41,17285,66,-11.4,-16.2,-2.5,4.2,10.8,0.901515152,0.401515152,0.007575758,0.977272727,0.007575758,0.007575758,0
400010,Charter,314,Generally accessible,Y,Y,N,Y,15.2,56.3,68.8,Level 2,Not Applicable,BELOW AVERAGE,BELOW AVERAGE,WELL ORGANIZED,VERY STRONG,NEUTRAL,VERY STRONG,STRONG,VERY STRONG,VERY WEAK,NOT ENOUGH DATA,NOT ENOUGH DATA,NOT ENOUGH DATA,-0.9,10,40,63.2,Coming Soon,5,WASHINGTON PARK,SPANISH,0.01,0.056,0.421,0.286,0.254,0.428,13785,88,0,0,0.5,0,-1.9,0.961783439,0.213375796,0.070063694,0.824840764,0.156050955,0.012738854,0
400033,Charter,1329,No/unknown accessibility,Y,N,N,Y,15.4,64.9,82.6,Level 2,Not Applicable,AVERAGE,BELOW AVERAGE,PARTIALLY ORGANIZED,NEUTRAL,WEAK,NEUTRAL,NEUTRAL,NEUTRAL,VERY WEAK,NEUTRAL,NEUTRAL,NEUTRAL,-0.1,11,80.4,67.2,Coming Soon,4,WASHINGTON HEIGHTS,SPANISH,0,0.011,0.169,0.208,0.137,0.426,19713,48,0,0,0.4,0,0.5,0.918735892,0.173062453,0.006772009,0.9834462,0.006019564,0.001504891,0
609691,Neighborhood,954,Fully Accessible,N,Y,N,Y,15.9,42.6,74.3,Level 1,Good Standing,AVERAGE,BELOW AVERAGE,WELL ORGANIZED,STRONG,STRONG,STRONG,VERY STRONG,VERY STRONG,WEAK,NOT ENOUGH DATA,NOT ENOUGH DATA,NOT ENOUGH DATA,-0.5,16,91.4,61.5,Established,2,HUMBOLDT PARK,SPANISH,0.18,0.148,0.339,0.173,0.354,0.38,13781,85,-0.3,-3.1,-1.4,4.5,1.1,0.945492662,0.165618449,0.190775681,0.160377358,0.814465409,0.011530398,0.00524109
609704,Neighborhood,731,No/unknown accessibility,Y,Y,N,Y,15.2,37.8,65.3,Level 2,Intensive Support,BELOW AVERAGE,BELOW AVERAGE,MODERATELY ORGANIZED,NEUTRAL,NEUTRAL,STRONG,WEAK,NEUTRAL,VERY WEAK,NOT ENOUGH DATA,NOT ENOUGH DATA,NOT ENOUGH DATA,-0.9,11,85.1,68.8,Established,7,SOUTH LAWNDALE,SPANISH,0.44,0.152,0.307,0.158,0.548,0.338,10402,96,-4,2.6,0.2,4.7,0.7,0.961696306,0.227086183,0.281805746,0.082079343,0.900136799,0.005471956,0
400106,Charter,807,No/unknown accessibility,Y,N,N,Y,18.2,81.3,77.4,Level 1,Not Applicable,FAR ABOVE AVERAGE,BELOW AVERAGE,WELL ORGANIZED,STRONG,STRONG,VERY STRONG,STRONG,STRONG,WEAK,NOT ENOUGH DATA,NOT ENOUGH DATA,NOT ENOUGH DATA,2.1,34,88,68.9,Coming Soon,3,ENGLEWOOD,SPANISH,0,0.038,0.466,0.28,0.285,0.425,11888,94,0,0,1.4,0,4.1,0.956629492,0.208178439,0.011152416,0.972738538,0.019826518,0,0.001239157
610245,Neighborhood,103,Generally accessible,Y,Y,U,Y,13.6,20.7,56.3,Level 3,Intensive Support,FAR BELOW AVERAGE,FAR BELOW AVERAGE,WELL ORGANIZED,STRONG,STRONG,STRONG,STRONG,VERY STRONG,WEAK,NOT ENOUGH DATA,NOT ENOUGH DATA,NOT ENOUGH DATA,-2,4,77.8,36.8,Coming Soon,4,AUSTIN,SPANISH,0.03,0.063,0.286,0.226,0.244,0.379,15957,73,-91.3,2,-0.1,4.2,-5.4,0.980582524,0.300970874,0.019417476,0.970873786,0.029126214,0,0
609724,Neighborhood,1430,Fully Accessible,N,Y,Y,Y,17.4,66.3,72.3,Level 1,Good Standing,AVERAGE,BELOW AVERAGE,WELL ORGANIZED,STRONG,STRONG,VERY STRONG,STRONG,VERY STRONG,WEAK,NOT ENOUGH DATA,NOT ENOUGH DATA,NOT ENOUGH DATA,-0.3,30,76.5,78,Coming Soon,7,WEST RIDGE,SPANISH,0.09,0.078,0.172,0.088,0.208,0.385,23040,46,-1.3,-6.9,1.1,4.8,-2.4,0.843356643,0.120979021,0.258741259,0.118181818,0.358741259,0.19020979,0.306993007
400064,Charter,388,Fully Accessible,Y,Y,N,Y,17.5,81.6,85.7,Level 1,Not Applicable,ABOVE AVERAGE,BELOW AVERAGE,PARTIALLY ORGANIZED,WEAK,NEUTRAL,NEUTRAL,NEUTRAL,NEUTRAL,WEAK,NOT ENOUGH DATA,NOT ENOUGH DATA,NOT ENOUGH DATA,0.6,26,96.3,80.6,Coming Soon,5,NEAR SOUTH SIDE,CHINESE,0.02,0.013,0.138,0.049,0.074,0.218,59077,7,0,0,0.9,0,1.8,0.863402062,0.193298969,0.020618557,0.868556701,0.100515464,0.005154639,0.010309278
400055,Charter,634,Generally accessible,Y,Y,N,Y,20.9,77.2,85.6,Level 1+,Not Applicable,FAR ABOVE AVERAGE,AVERAGE,WELL ORGANIZED,NEUTRAL,STRONG,VERY STRONG,NEUTRAL,STRONG,NEUTRAL,NOT ENOUGH DATA,NOT ENOUGH DATA,NOT ENOUGH DATA,3.3,67,86,77.9,Coming Soon,6,WEST TOWN,SPANISH,0.1,0.023,0.147,0.066,0.129,0.217,43198,10,0,0,0,0,0.6,0.823343849,0.138801262,0.124605678,0.167192429,0.785488959,0.022082019,0.004731861
400105,Charter,322,No/unknown accessibility,Y,N,N,Y,16.6,75,82.4,Level 1,Not Applicable,AVERAGE,BELOW AVERAGE,ORGANIZED,STRONG,NEUTRAL,STRONG,NEUTRAL,NEUTRAL,VERY WEAK,NEUTRAL,NEUTRAL,NEUTRAL,0.2,19,82.4,63,Coming Soon,3,DOUGLAS,CHINESE,0.03,0.018,0.296,0.182,0.143,0.307,23791,47,0,0,-0.7,0,1,0.813664596,0.192546584,0,0.97515528,0.01242236,0,0
400104,Charter,742,No/unknown accessibility,Y,Y,N,Y,16.7,56.4,82.8,Level 1,Not Applicable,AVERAGE,BELOW AVERAGE,ORGANIZED,NEUTRAL,STRONG,NEUTRAL,NEUTRAL,NEUTRAL,WEAK,NEUTRAL,NEUTRAL,NEUTRAL,-0.4,22,87.8,67.5,Coming Soon,3,LOWER WEST SIDE,SPANISH,0.4,0.096,0.258,0.158,0.407,0.326,16444,76,0,0,1.3,0,0.8,0.970350404,0.196765499,0.227762803,0.032345013,0.962264151,0.004043127,0
609698,Neighborhood,780,Generally accessible,N,Y,N,Y,14.9,54.6,75.7,Level 2+,Provisional Support,FAR BELOW AVERAGE,FAR BELOW AVERAGE,ORGANIZED,STRONG,NEUTRAL,STRONG,NEUTRAL,NEUTRAL,WEAK,NEUTRAL,NEUTRAL,NEUTRAL,-1.6,9,92.9,57.1,Established,5,ASHBURN,SPANISH,0.12,0.04,0.104,0.117,0.177,0.369,23482,37,1.7,3,-0.9,5.6,0.4,0.91025641,0.248717949,0.097435897,0.503846154,0.476923077,0.005128205,0.001282051
610524,Small,319,Fully Accessible,N,Y,N,N,17.6,59.6,87.1,Level 1+,Good Standing,BELOW AVERAGE,BELOW AVERAGE,WELL ORGANIZED,VERY STRONG,STRONG,STRONG,VERY STRONG,VERY STRONG,NEUTRAL,NOT ENOUGH DATA,NOT ENOUGH DATA,NOT ENOUGH DATA,-0.8,28,85.3,76.9,Coming Soon,4,NORTH CENTER,SPANISH,0.04,0.003,0.075,0.052,0.045,0.262,57123,6,-2.1,27.3,-0.2,0,4.2,0.830721003,0.12539185,0.062695925,0.156739812,0.699059561,0.094043887,0.015673981
609728,Neighborhood,1094,Generally accessible,Y,Y,Y,Y,15.5,38,66.9,Level 2,Intensive Support,BELOW AVERAGE,BELOW AVERAGE,PARTIALLY ORGANIZED,NEUTRAL,NEUTRAL,NEUTRAL,WEAK,NEUTRAL,VERY WEAK,NOT ENOUGH DATA,NOT ENOUGH DATA,NOT ENOUGH DATA,-0.7,14,71.4,64.3,Coming Soon,3,ALBANY PARK,SPANISH,0.29,0.113,0.192,0.1,0.329,0.32,21323,53,-7.4,7.9,1.6,4.4,0.1,0.932358318,0.192870201,0.285191956,0.147166362,0.690127971,0.057586837,0.074040219
400066,Charter,445,Generally accessible,Y,N,N,Y,17.3,62.3,78.1,Level 1,Not Applicable,ABOVE AVERAGE,BELOW AVERAGE,PARTIALLY ORGANIZED,NEUTRAL,NEUTRAL,STRONG,WEAK,WEAK,VERY WEAK,NOT ENOUGH DATA,NOT ENOUGH DATA,NOT ENOUGH DATA,0.5,24,95.8,67.5,Coming Soon,5,DOUGLAS,CHINESE,0.03,0.018,0.296,0.182,0.143,0.307,23791,47,0,0,0.5,0,2.7,0.898876404,0.202247191,0.008988764,0.966292135,0.029213483,0.002247191,0
400086,Charter,271,Generally accessible,Y,N,N,Y,16.7,67.1,71.3,Level 2+,Not Applicable,AVERAGE,BELOW AVERAGE,PARTIALLY ORGANIZED,NEUTRAL,NEUTRAL,NEUTRAL,WEAK,WEAK,VERY WEAK,NOT ENOUGH DATA,NOT ENOUGH DATA,NOT ENOUGH DATA,-0.1,19,67.3,76.9,Coming Soon,3,ENGLEWOOD,SPANISH,0,0.038,0.466,0.28,0.285,0.425,11888,94,0,0,2.3,0,-0.3,0.889298893,0.250922509,0.003690037,0.996309963,0.003690037,0,0
610557,Citywide-Option,227,No/unknown accessibility,N,U,U,Y,15.1,18.8,0,Level 2,Not Applicable,NO DATA AVAILABLE,BELOW AVERAGE,PARTIALLY ORGANIZED,NOT ENOUGH DATA,VERY STRONG,VERY WEAK,WEAK,NEUTRAL,STRONG,NOT ENOUGH DATA,NOT ENOUGH DATA,NOT ENOUGH DATA,-0.062280702,11,84.72051282,56,Coming Soon,7,ASHBURN,SPANISH,0.12,0.04,0.104,0.117,0.177,0.369,23482,37,0,0,39.7,0,-1.6,0.881057269,0.118942731,0.0969163,0.273127753,0.621145374,0.0969163,0
609705,Neighborhood,248,Fully Accessible,Y,Y,N,Y,14.7,29,49.5,Level 2,Intensive Support,BELOW AVERAGE,FAR BELOW AVERAGE,WELL ORGANIZED,STRONG,STRONG,VERY STRONG,STRONG,STRONG,NEUTRAL,VERY STRONG,VERY STRONG,VERY STRONG,-1,8,93.9,34.1,Emerging,4,ROSELAND,SPANISH,0,0.025,0.198,0.203,0.169,0.412,17949,52,34.2,-2,-3,4.4,-1.3,0.915322581,0.153225806,0.008064516,0.97983871,0.012096774,0,0
400051,Charter,655,No/unknown accessibility,Y,Y,N,Y,21.2,84.7,92.8,Level 1+,Not Applicable,FAR ABOVE AVERAGE,ABOVE AVERAGE,WELL ORGANIZED,STRONG,VERY STRONG,VERY STRONG,VERY STRONG,VERY STRONG,NEUTRAL,NOT ENOUGH DATA,NOT ENOUGH DATA,NOT ENOUGH DATA,3.7,71,89.6,75.7,Coming Soon,5,WEST TOWN,SPANISH,0.1,0.023,0.147,0.066,0.129,0.217,43198,10,0,0,0.1,0,0.4,0.885496183,0.120610687,0.083969466,0.12519084,0.842748092,0.01221374,0.007633588
609694,Selective enrollment,972,Fully Accessible,N,Y,N,Y,16.9,58.3,84.6,Level 1,Good Standing,BELOW AVERAGE,BELOW AVERAGE,WELL ORGANIZED,VERY STRONG,STRONG,VERY STRONG,STRONG,VERY STRONG,WEAK,NEUTRAL,NEUTRAL,NEUTRAL,-0.9,24,98.5,71,Emerging,5,WEST ELSDON,SPANISH,0.31,0.111,0.156,0.167,0.37,0.377,15754,69,5.7,22,-0.4,4.4,-0.4,0.87962963,0.032921811,0.016460905,0.016460905,0.939300412,0.025720165,0.007201646
609739,Neighborhood,1435,Generally accessible,Y,Y,N,Y,17.7,54.9,72.2,Level 1,Good Standing,AVERAGE,BELOW AVERAGE,WELL ORGANIZED,STRONG,STRONG,STRONG,NEUTRAL,NEUTRAL,WEAK,NOT ENOUGH DATA,NOT ENOUGH DATA,NOT ENOUGH DATA,-0.1,30,93.3,77.4,Coming Soon,1,EAST SIDE,SPANISH,0.26,0.068,0.192,0.121,0.319,0.428,17104,64,4,0.4,-0.3,4.9,0.1,0.903832753,0.150522648,0.128222997,0.052961672,0.876655052,0.055052265,0.002090592
609761,Neighborhood,307,Fully Accessible,Y,N,N,Y,14.3,34.4,62.6,Level 2,Intensive Support,BELOW AVERAGE,FAR BELOW AVERAGE,WELL ORGANIZED,STRONG,NEUTRAL,STRONG,NEUTRAL,STRONG,WEAK,NOT ENOUGH DATA,NOT ENOUGH DATA,NOT ENOUGH DATA,-1,6,88.4,39.5,Emerging,3,PULLMAN,SPANISH,0.04,0.015,0.216,0.228,0.131,0.386,20588,51,11.3,19.6,-2,3.7,-1.1,0.925081433,0.276872964,0,0.983713355,0.013029316,0,0
609754,Military academy,313,Fully Accessible,Y,Y,N,Y,16.9,44.8,85.4,Level 1,Good Standing,AVERAGE,BELOW AVERAGE,MODERATELY ORGANIZED,NEUTRAL,NEUTRAL,NEUTRAL,NEUTRAL,NEUTRAL,WEAK,STRONG,STRONG,STRONG,-0.4,22,96.4,64.8,Coming Soon,6,DOUGLAS,CHINESE,0.03,0.018,0.296,0.182,0.143,0.307,23791,47,33.1,-39.7,-3,4.5,1.3,0.942492013,0.102236422,0.054313099,0.645367412,0.325878594,0.015974441,0.003194888
609748,Citywide-Option,199,No/unknown accessibility,N,U,U,Y,17.46752137,5.1,1.7,Inability to Rate,Good Standing,NO DATA AVAILABLE,NO DATA AVAILABLE,ORGANIZED,VERY WEAK,NEUTRAL,STRONG,NEUTRAL,STRONG,WEAK,NOT ENOUGH DATA,NOT ENOUGH DATA,NOT ENOUGH DATA,-0.062280702,29.64957265,84.72051282,65.80608696,Coming Soon,2,SOUTH LAWNDALE,SPANISH,0.44,0.152,0.307,0.158,0.548,0.338,10402,96,0,0,-5.4,3.7,0,0.874371859,0.291457286,0.010050251,0.773869347,0.180904523,0.030150754,0
400057,Charter,954,Generally accessible,Y,Y,N,Y,22.2,88,83.3,Level 1+,Not Applicable,FAR ABOVE AVERAGE,ABOVE AVERAGE,WELL ORGANIZED,STRONG,VERY STRONG,VERY STRONG,STRONG,STRONG,NEUTRAL,NOT ENOUGH DATA,NOT ENOUGH DATA,NOT ENOUGH DATA,4.2,76,86.8,75.2,Coming Soon,7,NEAR WEST SIDE,SPANISH,0.02,0.038,0.206,0.107,0.096,0.222,44689,15,0,0,0.7,0,1.9,0.853249476,0.147798742,0.083857442,0.309224319,0.635220126,0.012578616,0.033542977
609722,Neighborhood,113,Generally accessible,Y,N,N,Y,14.1,35.9,57.9,Level 2,Intensive Support,FAR BELOW AVERAGE,FAR BELOW AVERAGE,PARTIALLY ORGANIZED,NEUTRAL,WEAK,NEUTRAL,NEUTRAL,NEUTRAL,VERY WEAK,NOT ENOUGH DATA,NOT ENOUGH DATA,NOT ENOUGH DATA,-1.8,5,72.1,32,Coming Soon,11,EAST GARFIELD PARK,SPANISH,0,0.082,0.424,0.196,0.213,0.432,12961,83,4.3,13.6,4.7,5.6,-5.9,0.92920354,0.309734513,0.008849558,0.973451327,0.026548673,0,0
610547,Selective enrollment,651,No/unknown accessibility,Y,N,N,Y,17.9,64.2,71,Level 1,Good Standing,BELOW AVERAGE,BELOW AVERAGE,ORGANIZED,STRONG,NEUTRAL,VERY STRONG,NEUTRAL,NEUTRAL,WEAK,NOT ENOUGH DATA,NOT ENOUGH DATA,NOT ENOUGH DATA,-1.5,31,98.8,65.80608696,Coming Soon,0,SOUTH SHORE,SPANISH,0.01,0.028,0.311,0.2,0.14,0.357,19398,55,4.6,2.1,-3.2,5.3,-1.3,0.87250384,0.089093702,0.006144393,0.958525346,0.02764977,0,0.001536098
609713,Neighborhood,852,Fully Accessible,Y,N,N,Y,15.7,47.7,53.6,Level 2,Intensive Support,BELOW AVERAGE,BELOW AVERAGE,NOT YET ORGANIZED,WEAK,WEAK,NEUTRAL,WEAK,NEUTRAL,VERY WEAK,NOT ENOUGH DATA,NOT ENOUGH DATA,NOT ENOUGH DATA,-0.9,13,86.3,50.5,Coming Soon,2,WOODLAWN,SPANISH,0.01,0.029,0.307,0.234,0.165,0.361,18672,58,-58.3,-12.2,-3.2,4.4,0.2,0.942488263,0.19600939,0.005868545,0.985915493,0.008215962,0.001173709,0
610385,Small,238,Fully Accessible,Y,Y,N,Y,14.6,41,80.9,Level 2+,Good Standing,BELOW AVERAGE,FAR BELOW AVERAGE,WELL ORGANIZED,VERY STRONG,STRONG,STRONG,STRONG,VERY STRONG,WEAK,NOT ENOUGH DATA,NOT ENOUGH DATA,NOT ENOUGH DATA,-1.3,9,77.1,63.3,Coming Soon,2,SOUTH LAWNDALE,SPANISH,0.44,0.152,0.307,0.158,0.548,0.338,10402,96,2.7,5,2.9,4,-0.5,0.932773109,0.289915966,0.302521008,0.117647059,0.865546218,0.012605042,0
609720,Selective enrollment,4447,Generally accessible,Y,N,N,N,25.6,85,95.9,Level 1+,Good Standing,ABOVE AVERAGE,FAR ABOVE AVERAGE,WELL ORGANIZED,VERY STRONG,STRONG,VERY STRONG,NEUTRAL,NEUTRAL,NEUTRAL,NOT ENOUGH DATA,NOT ENOUGH DATA,NOT ENOUGH DATA,1.4,96,97.7,91.3,Coming Soon,3,NORTH CENTER,SPANISH,0.04,0.003,0.075,0.052,0.045,0.262,57123,6,-1.4,-29.2,0.1,4.4,0.2,0.492691702,0.044524398,0.006071509,0.078929615,0.407690578,0.352372386,0.105464358
400034,Charter,901,Generally accessible,Y,Y,N,Y,19.4,76.6,83.3,Level 1+,Not Applicable,FAR ABOVE AVERAGE,AVERAGE,WELL ORGANIZED,VERY STRONG,VERY STRONG,VERY STRONG,VERY STRONG,VERY STRONG,NEUTRAL,NOT ENOUGH DATA,NOT ENOUGH DATA,NOT ENOUGH DATA,1.7,49,93.2,79.7,Coming Soon,2,NORTH PARK,SPANISH,0.06,0.039,0.132,0.099,0.144,0.39,26576,33,0,0,1.1,0,1.2,0.802441731,0.236403996,0.126526082,0.065482797,0.536071032,0.208657048,0.156492786
610381,Small,322,Generally accessible,Y,N,N,Y,14.8,65.5,80.6,Level 2,Provisional Support,FAR BELOW AVERAGE,FAR BELOW AVERAGE,PARTIALLY ORGANIZED,STRONG,NOT ENOUGH DATA,NOT ENOUGH DATA,WEAK,WEAK,NOT ENOUGH DATA,NEUTRAL,NEUTRAL,NEUTRAL,-1.8,8,96.4,63.2,Coming Soon,4,GRAND BOULEVARD,SPANISH,0.01,0.033,0.293,0.243,0.159,0.395,23472,57,16.7,26.8,0.2,5.1,-1.7,0.965838509,0.170807453,0.01863354,0.965838509,0.02484472,0,0.00621118
609676,Career academy,455,Generally accessible,N,N,N,Y,14.4,43.5,71.5,Level 2,Intensive Support,BELOW AVERAGE,FAR BELOW AVERAGE,WELL ORGANIZED,STRONG,NEUTRAL,STRONG,STRONG,STRONG,VERY WEAK,NOT ENOUGH DATA,NOT ENOUGH DATA,NOT ENOUGH DATA,-1.5,7,75.5,52.3,Coming Soon,5,DOUGLAS,CHINESE,0.03,0.018,0.296,0.182,0.143,0.307,23791,47,92.4,-12.7,-4.7,4.7,4.4,0.964835165,0.272527473,0.01978022,0.964835165,0.032967033,0,0
609733,Neighborhood,714,No/unknown accessibility,Y,Y,Y,Y,15.1,51.5,64,Level 2+,Provisional Support,AVERAGE,BELOW AVERAGE,WELL ORGANIZED,NEUTRAL,STRONG,STRONG,STRONG,NEUTRAL,WEAK,NOT ENOUGH DATA,NOT ENOUGH DATA,NOT ENOUGH DATA,-0.3,12,87.1,63,Coming Soon,3,ROGERS PARK,SPANISH,0.1,0.077,0.236,0.087,0.182,0.275,23939,39,2.1,3.2,2.4,4.6,1.8,0.897759104,0.225490196,0.406162465,0.414565826,0.340336134,0.058823529,0.165266106
610383,Small,283,Fully Accessible,Y,Y,N,Y,15.6,56.6,87.5,Level 1,Good Standing,BELOW AVERAGE,BELOW AVERAGE,WELL ORGANIZED,VERY STRONG,STRONG,STRONG,STRONG,VERY STRONG,WEAK,NOT ENOUGH DATA,NOT ENOUGH DATA,NOT ENOUGH DATA,-1.1,13,96.7,71.1,Emerging,2,SOUTH LAWNDALE,SPANISH,0.44,0.152,0.307,0.158,0.548,0.338,10402,96,4.7,0.4,1.9,6.2,2.7,0.961130742,0.19434629,0.265017668,0.106007067,0.883392226,0.007067138,0
609740,Neighborhood,370,No/unknown accessibility,N,Y,N,Y,15.4,51,62.9,Level 2+,Provisional Support,BELOW AVERAGE,BELOW AVERAGE,WELL ORGANIZED,NEUTRAL,NEUTRAL,STRONG,STRONG,STRONG,WEAK,NOT ENOUGH DATA,NOT ENOUGH DATA,NOT ENOUGH DATA,-0.8,12,85.3,44.8,Coming Soon,5,WEST TOWN,SPANISH,0.1,0.023,0.147,0.066,0.129,0.217,43198,10,1.6,3.5,-1.8,4.8,2.4,0.905405405,0.259459459,0.108108108,0.513513514,0.440540541,0.032432432,0
609759,Neighborhood,753,Fully Accessible,Y,Y,N,Y,15.4,43.3,83.5,Level 2+,Provisional Support,BELOW AVERAGE,BELOW AVERAGE,WELL ORGANIZED,VERY STRONG,NEUTRAL,STRONG,STRONG,VERY STRONG,WEAK,NOT ENOUGH DATA,NOT ENOUGH DATA,NOT ENOUGH DATA,-1,13,93.3,44.4,Established,2,WEST TOWN,SPANISH,0.1,0.023,0.147,0.066,0.129,0.217,43198,10,-15.8,3.8,-0.7,3.9,2.5,0.944223108,0.24435591,0.091633466,0.300132802,0.671978752,0.011952191,0.003984064
400085,Charter,576,No/unknown accessibility,Y,U,U,Y,17.7,63,84.5,Level 1+,Not Applicable,ABOVE AVERAGE,BELOW AVERAGE,WELL ORGANIZED,STRONG,STRONG,STRONG,NEUTRAL,NEUTRAL,NEUTRAL,NOT ENOUGH DATA,NOT ENOUGH DATA,NOT ENOUGH DATA,0.6,29,91.1,72,Coming Soon,6,ARCHER HEIGHTS,SPANISH,0.32,0.085,0.141,0.165,0.359,0.392,16134,67,0,0,0,0,-0.4,0.940972222,0.142361111,0.215277778,0.005208333,0.967013889,0.017361111,0.003472222
609715,Neighborhood,1949,Fully Accessible,N,Y,N,Y,17.1,55.1,77.8,Level 2+,Good Standing,AVERAGE,BELOW AVERAGE,ORGANIZED,STRONG,NEUTRAL,NEUTRAL,NEUTRAL,NEUTRAL,VERY WEAK,NOT ENOUGH DATA,NOT ENOUGH DATA,NOT ENOUGH DATA,-0.2,27,74.4,70.2,Established,1,BRIGHTON PARK,SPANISH,0.38,0.144,0.236,0.139,0.451,0.393,13089,84,3.9,10.3,1.1,5,-0.8,0.940995382,0.180605439,0.257567984,0.037455105,0.803488969,0.015392509,0.123653155
609734,Neighborhood,3369,Generally accessible,N,Y,N,N,18.9,63,85.2,Level 1,Good Standing,AVERAGE,AVERAGE,WELL ORGANIZED,STRONG,NEUTRAL,STRONG,NEUTRAL,STRONG,WEAK,NOT ENOUGH DATA,NOT ENOUGH DATA,NOT ENOUGH DATA,-0.2,44,86,79.1,Coming Soon,3,NORWOOD PARK,POLISH,0.07,0.02,0.054,0.09,0.115,0.395,32875,21,4.4,3.3,0,4.4,4.2,0.541110122,0.116948649,0.059364797,0.022855447,0.395369546,0.46274859,0.072721876
400036,Charter,672,Fully Accessible,N,Y,N,Y,18.8,68,50,Level 2+,Not Applicable,NO DATA AVAILABLE,AVERAGE,ORGANIZED,NEUTRAL,STRONG,NEUTRAL,NEUTRAL,NEUTRAL,STRONG,NOT ENOUGH DATA,NOT ENOUGH DATA,NOT ENOUGH DATA,-0.062280702,44,44.7,53.8,Coming Soon,6,NEAR WEST SIDE,SPANISH,0.02,0.038,0.206,0.107,0.096,0.222,44689,15,0,0,-1.1,0,0.6,0.712797619,0.154761905,0.056547619,0.550595238,0.21577381,0.129464286,0.052083333
609741,Neighborhood,1778,No/unknown accessibility,Y,Y,N,Y,17.1,56.2,82.9,Level 1,Good Standing,BELOW AVERAGE,BELOW AVERAGE,WELL ORGANIZED,STRONG,NEUTRAL,STRONG,STRONG,VERY STRONG,WEAK,NOT ENOUGH DATA,NOT ENOUGH DATA,NOT ENOUGH DATA,-0.6,24,82.3,74.4,Coming Soon,3,WEST LAWN,SPANISH,0.3,0.058,0.149,0.096,0.336,0.396,16907,56,1.6,-5.9,0.3,4.8,-0.2,0.94375703,0.146794151,0.143419573,0.067491564,0.905511811,0.020247469,0.002249719
400052,Charter,1118,No/unknown accessibility,Y,Y,N,Y,17.9,84.2,88.1,Level 1,Not Applicable,ABOVE AVERAGE,BELOW AVERAGE,NOT ENOUGH DATA,NOT ENOUGH DATA,NOT ENOUGH DATA,NOT ENOUGH DATA,NOT ENOUGH DATA,NOT ENOUGH DATA,NOT ENOUGH DATA,NOT ENOUGH DATA,NOT ENOUGH DATA,NOT ENOUGH DATA,1.2,30,76.8,80.2,Coming Soon,3,GREATER GRAND CROSSING,SPANISH,0,0.036,0.296,0.23,0.165,0.41,17285,66,0,0,0.3,0,0.7,0.866726297,0.162790698,0.006261181,0.966010733,0.02236136,0,0
610543,Neighborhood,1190,Fully Accessible,Y,Y,N,Y,18.4,62.2,80.5,Level 1+,Good Standing,AVERAGE,BELOW AVERAGE,WELL ORGANIZED,STRONG,STRONG,VERY STRONG,STRONG,VERY STRONG,NEUTRAL,NEUTRAL,NEUTRAL,STRONG,0.3,38,91.9,77.9,Coming Soon,3,GAGE PARK,SPANISH,0.45,0.158,0.234,0.182,0.515,0.388,12171,93,0.6,-1.5,-0.7,4.3,0.7,0.94789916,0.105042017,0.127731092,0.047058824,0.937815126,0.007563025,0
609783,Citywide-Option,208,No/unknown accessibility,N,U,U,Y,17.46752137,58.53109244,1.3,Inability to Rate,Good Standing,NO DATA AVAILABLE,NO DATA AVAILABLE,NOT YET ORGANIZED,VERY WEAK,WEAK,WEAK,WEAK,WEAK,WEAK,NOT ENOUGH DATA,NOT ENOUGH DATA,NOT ENOUGH DATA,-0.062280702,29.64957265,84.72051282,65.80608696,Coming Soon,5,NEAR WEST SIDE,SPANISH,0.02,0.038,0.206,0.107,0.096,0.222,44689,15,0,0,-0.1,4.1,0,0.870192308,0.370192308,0.024038462,0.836538462,0.144230769,0.014423077,0.004807692
609730,Neighborhood,1437,Generally accessible,Y,Y,N,Y,18.3,59.4,81.3,Level 1,Good Standing,AVERAGE,BELOW AVERAGE,ORGANIZED,NEUTRAL,NEUTRAL,STRONG,NEUTRAL,NEUTRAL,WEAK,NEUTRAL,NEUTRAL,NEUTRAL,-0.1,39,92.8,65.3,Emerging,5,EDGEWATER,SPANISH,0.05,0.041,0.182,0.092,0.097,0.238,33385,19,-1.7,-12.7,1.8,4.8,-0.2,0.803757829,0.139874739,0.171885873,0.256089074,0.422407794,0.113430759,0.173973556
609716,Neighborhood,445,Fully Accessible,Y,Y,N,Y,15,36.2,69.8,Level 2,Intensive Support,BELOW AVERAGE,BELOW AVERAGE,ORGANIZED,STRONG,WEAK,NEUTRAL,STRONG,STRONG,WEAK,NOT ENOUGH DATA,NOT ENOUGH DATA,NOT ENOUGH DATA,-0.9,11,75.3,56.1,Coming Soon,2,HERMOSA,SPANISH,0.38,0.069,0.205,0.131,0.416,0.364,15089,71,-1.3,9,-0.5,4.4,1.8,0.93258427,0.197752809,0.328089888,0.069662921,0.903370787,0.015730337,0
609762,Neighborhood,509,Generally accessible,Y,N,N,Y,14.7,40.4,74.4,Level 2,Intensive Support,BELOW AVERAGE,FAR BELOW AVERAGE,WELL ORGANIZED,VERY STRONG,NEUTRAL,STRONG,STRONG,VERY STRONG,WEAK,VERY STRONG,STRONG,STRONG,-1.4,7,90.5,63.9,Emerging,4,WASHINGTON HEIGHTS,SPANISH,0,0.011,0.169,0.208,0.137,0.426,19713,48,9.5,27,-3.9,3.4,2,0.962671906,0.233791749,0.001964637,0.988212181,0.009823183,0,0
610389,Neighborhood,276,Generally accessible,Y,Y,N,Y,14.2,45.3,39,Level 3,Intensive Support,FAR BELOW AVERAGE,FAR BELOW AVERAGE,WELL ORGANIZED,STRONG,NEUTRAL,STRONG,STRONG,STRONG,WEAK,NOT ENOUGH DATA,NOT ENOUGH DATA,NOT ENOUGH DATA,-2.5,6,53.3,45.1,Coming Soon,5,HUMBOLDT PARK,SPANISH,0.18,0.148,0.339,0.173,0.354,0.38,13781,85,-1.2,-0.2,2.6,4.7,6.1,0.952898551,0.210144928,0.050724638,0.826086957,0.170289855,0.003623188,0
609737,Magnet,1735,Generally accessible,N,N,N,Y,21.3,73.4,88.8,Level 1+,Good Standing,ABOVE AVERAGE,AVERAGE,WELL ORGANIZED,VERY STRONG,STRONG,STRONG,STRONG,VERY STRONG,NEUTRAL,NOT ENOUGH DATA,NOT ENOUGH DATA,NOT ENOUGH DATA,0.6,68,87.2,81.9,Coming Soon,3,NORTH PARK,SPANISH,0.06,0.039,0.132,0.099,0.144,0.39,26576,33,-1.9,11,-0.1,4.5,-0.1,0.748126801,0.059942363,0.023631124,0.110662824,0.572910663,0.161959654,0.12795389
609723,Neighborhood,343,No/unknown accessibility,Y,N,N,Y,15.8,43.8,57.7,Level 2,Intensive Support,AVERAGE,BELOW AVERAGE,WELL ORGANIZED,VERY STRONG,STRONG,VERY STRONG,NEUTRAL,STRONG,NEUTRAL,VERY STRONG,STRONG,STRONG,-0.4,13,93.2,37,Coming Soon,8,EAST GARFIELD PARK,SPANISH,0,0.082,0.424,0.196,0.213,0.432,12961,83,10,-10,-2.9,4.8,3,0.976676385,0.271137026,0,0.979591837,0.014577259,0,0
609732,Neighborhood,1281,No/unknown accessibility,Y,Y,N,Y,16.3,47.4,71.3,Level 2,Intensive Support,BELOW AVERAGE,BELOW AVERAGE,PARTIALLY ORGANIZED,NEUTRAL,NEUTRAL,NEUTRAL,WEAK,NEUTRAL,VERY WEAK,NOT ENOUGH DATA,NOT ENOUGH DATA,NOT ENOUGH DATA,-0.7,19,78,67.8,Coming Soon,4,BELMONT CRAGIN,SPANISH,0.33,0.108,0.187,0.146,0.373,0.373,15461,70,-0.5,-2.9,2.4,4.9,1.7,0.884465262,0.174863388,0.174863388,0.149882904,0.729117877,0.085089774,0.022638564
609674,Career academy,885,Generally accessible,Y,N,N,Y,15.6,34.4,72.6,Level 2+,Intensive Support,AVERAGE,BELOW AVERAGE,WELL ORGANIZED,STRONG,NEUTRAL,STRONG,STRONG,STRONG,VERY WEAK,NOT ENOUGH DATA,NOT ENOUGH DATA,NOT ENOUGH DATA,-0.4,11,92,44.2,Coming Soon,0,AVALON PARK,AFRICAN LANGUAGES,0,0.014,0.172,0.211,0.106,0.393,24454,41,-2.3,-11.7,-0.8,4.2,0.9,0.951412429,0.29039548,0.012429379,0.969491525,0.021468927,0.001129944,0
609718,Neighborhood,1686,Fully Accessible,N,Y,N,Y,18.1,59.5,68.8,Level 2+,Good Standing,AVERAGE,BELOW AVERAGE,ORGANIZED,STRONG,NEUTRAL,NEUTRAL,NEUTRAL,NEUTRAL,WEAK,NOT ENOUGH DATA,NOT ENOUGH DATA,NOT ENOUGH DATA,-0.2,35,83.3,72.2,Coming Soon,3,GARFIELD RIDGE,SPANISH,0.1,0.026,0.088,0.113,0.193,0.381,26353,32,-3.3,1.4,-1.2,4.8,-0.7,0.736061684,0.174970344,0.06346382,0.038552788,0.729537367,0.208185053,0.005931198
609709,Neighborhood,330,No/unknown accessibility,N,Y,Y,Y,14.4,21.8,68.7,Level 2,Intensive Support,BELOW AVERAGE,FAR BELOW AVERAGE,PARTIALLY ORGANIZED,NEUTRAL,WEAK,NEUTRAL,NEUTRAL,NEUTRAL,VERY WEAK,NOT ENOUGH DATA,NOT ENOUGH DATA,NOT ENOUGH DATA,-0.8,8,83.1,60,Emerging,1,GAGE PARK,SPANISH,0.45,0.158,0.234,0.182,0.515,0.388,12171,93,10.5,10.9,-5.5,4,4.8,0.954545455,0.2,0.227272727,0.387878788,0.606060606,0.003030303,0
400035,Charter,584,Fully Accessible,Y,Y,N,Y,20.8,72,85.2,Level 1+,Not Applicable,FAR ABOVE AVERAGE,AVERAGE,WELL ORGANIZED,STRONG,STRONG,VERY STRONG,NEUTRAL,NEUTRAL,WEAK,NOT ENOUGH DATA,NOT ENOUGH DATA,NOT ENOUGH DATA,2.9,66,85.7,75.4,Coming Soon,4,ROGERS PARK,SPANISH,0.1,0.077,0.236,0.087,0.182,0.275,23939,39,0,0,0.5,0,0,0.912671233,0.09760274,0.140410959,0.308219178,0.542808219,0.034246575,0.092465753
609725,Neighborhood,1282,Generally accessible,N,N,N,Y,17.3,66.8,79.6,Level 2+,Good Standing,BELOW AVERAGE,BELOW AVERAGE,ORGANIZED,STRONG,WEAK,STRONG,NEUTRAL,STRONG,VERY WEAK,NOT ENOUGH DATA,NOT ENOUGH DATA,NOT ENOUGH DATA,-1,25,83,76.7,Coming Soon,2,MORGAN PARK,SPANISH,0.01,0.008,0.132,0.15,0.108,0.403,27149,30,3.6,16.2,-2.7,4.5,-0.7,0.872854914,0.107644306,0.002340094,0.978159126,0.010140406,0.003120125,0.000780031
610334,Small,379,Generally accessible,Y,N,N,Y,14.5,51.1,73.4,Level 2,Intensive Support,FAR BELOW AVERAGE,FAR BELOW AVERAGE,ORGANIZED,NEUTRAL,NEUTRAL,STRONG,NEUTRAL,NEUTRAL,WEAK,NOT ENOUGH DATA,NOT ENOUGH DATA,NOT ENOUGH DATA,-2,7,83.6,54.8,Established,3,EAST GARFIELD PARK,SPANISH,0,0.082,0.424,0.196,0.213,0.432,12961,83,5.7,-4.4,1.7,4.7,0.6,0.986807388,0.263852243,0.026385224,0.931398417,0.058047493,0.005277045,0.002638522
610391,Selective enrollment,1331,Generally accessible,N,N,N,Y,22.9,83.6,89.2,Level 1+,Good Standing,FAR ABOVE AVERAGE,ABOVE AVERAGE,WELL ORGANIZED,VERY STRONG,VERY STRONG,VERY STRONG,NEUTRAL,STRONG,NEUTRAL,STRONG,NEUTRAL,STRONG,1.8,83,99.3,91.1,Coming Soon,7,WEST ENGLEWOOD,SPANISH,0.01,0.048,0.344,0.359,0.263,0.407,11317,89,-0.8,-38.9,0.1,4.7,-1,0.662659654,0.054094666,0.014274981,0.706987228,0.24417731,0.025544703,0.009767092
609727,Neighborhood,639,Generally accessible,Y,N,N,Y,15.2,55.4,57.9,Level 2,Intensive Support,BELOW AVERAGE,BELOW AVERAGE,MODERATELY ORGANIZED,WEAK,NEUTRAL,STRONG,NEUTRAL,NEUTRAL,WEAK,NOT ENOUGH DATA,NOT ENOUGH DATA,NOT ENOUGH DATA,-0.9,10,73.5,60.3,Coming Soon,6,DOUGLAS,CHINESE,0.03,0.018,0.296,0.182,0.143,0.307,23791,47,56,-5.7,-5.5,4.9,-0.2,0.948356808,0.231611894,0.006259781,0.982785603,0.012519562,0,0
609708,Neighborhood,802,Generally accessible,N,Y,N,Y,15.3,44.6,65.2,Level 2,Intensive Support,BELOW AVERAGE,BELOW AVERAGE,WELL ORGANIZED,STRONG,NEUTRAL,STRONG,STRONG,STRONG,WEAK,NOT ENOUGH DATA,NOT ENOUGH DATA,NOT ENOUGH DATA,-0.6,12,68.7,64.3,Emerging,2,PORTAGE PARK,SPANISH,0.12,0.041,0.116,0.126,0.193,0.34,24336,35,13.5,12.9,-0.5,5,-1.1,0.935162095,0.221945137,0.25436409,0.224438903,0.736907731,0.024937656,0.00872818
610323,Small,293,Generally accessible,Y,Y,N,Y,14.6,49.4,63.7,Level 2+,Good Standing,BELOW AVERAGE,FAR BELOW AVERAGE,WELL ORGANIZED,STRONG,STRONG,VERY STRONG,STRONG,STRONG,WEAK,STRONG,STRONG,NEUTRAL,-0.8,7,92.4,44.1,Coming Soon,1,SOUTH CHICAGO,SPANISH,0.09,0.047,0.298,0.197,0.266,0.411,16579,75,21.6,2.7,1.3,5.3,-0.2,0.924914676,0.300341297,0.071672355,0.778156997,0.215017065,0.003412969,0
609729,Neighborhood,1736,Generally accessible,N,Y,N,Y,16.4,50.1,72.5,Level 2+,Provisional Support,AVERAGE,BELOW AVERAGE,ORGANIZED,NEUTRAL,NEUTRAL,STRONG,NEUTRAL,NEUTRAL,WEAK,NOT ENOUGH DATA,NOT ENOUGH DATA,NOT ENOUGH DATA,-0.5,19,78.3,60.3,Coming Soon,2,IRVING PARK,SPANISH,0.19,0.063,0.131,0.1,0.224,0.316,27249,34,8.3,-3.7,1.2,4.3,-0.1,0.921082949,0.208525346,0.186059908,0.101958525,0.815092166,0.054147465,0.013248848
610513,Military academy,262,Generally accessible,Y,N,N,Y,18.8,61.5,86.1,Level 1,Good Standing,ABOVE AVERAGE,AVERAGE,ORGANIZED,STRONG,NEUTRAL,NEUTRAL,NEUTRAL,NEUTRAL,WEAK,STRONG,NEUTRAL,NEUTRAL,0.6,40,80.2,61.1,Coming Soon,5,ARMOUR SQUARE,CHINESE,0.45,0.057,0.401,0.167,0.345,0.383,16148,82,13,-3.6,0.7,5,-3,0.91221374,0.133587786,0.026717557,0.442748092,0.404580153,0.106870229,0.026717557
610384,Small,420,Fully Accessible,Y,Y,N,Y,18.8,58.5,94.2,Level 1+,Good Standing,ABOVE AVERAGE,AVERAGE,WELL ORGANIZED,STRONG,STRONG,STRONG,STRONG,VERY STRONG,WEAK,NOT ENOUGH DATA,NOT ENOUGH DATA,NOT ENOUGH DATA,1.2,44,95,71.7,Coming Soon,2,SOUTH LAWNDALE,SPANISH,0.44,0.152,0.307,0.158,0.548,0.338,10402,96,1.4,19,-1.5,4.9,3.2,0.95952381,0.123809524,0.116666667,0.007142857,0.983333333,0.007142857,0.002380952
610244,Magnet,548,Fully Accessible,Y,N,N,Y,16.3,54.1,85.8,Level 2+,Good Standing,BELOW AVERAGE,BELOW AVERAGE,ORGANIZED,NEUTRAL,NEUTRAL,STRONG,NEUTRAL,NEUTRAL,WEAK,NOT ENOUGH DATA,NOT ENOUGH DATA,NOT ENOUGH DATA,-1.1,16,91.2,61.2,Coming Soon,2,AUSTIN,SPANISH,0.03,0.063,0.286,0.226,0.244,0.379,15957,73,5.3,-4.6,-1.6,5.9,1.5,0.934306569,0.122262774,0.010948905,0.974452555,0.023722628,0,0
609749,Selective enrollment,1062,Fully Accessible,N,N,N,N,29.5,93.4,97.8,Level 1+,Good Standing,FAR ABOVE AVERAGE,FAR ABOVE AVERAGE,WELL ORGANIZED,VERY STRONG,VERY STRONG,VERY STRONG,STRONG,VERY STRONG,STRONG,NOT ENOUGH DATA,NOT ENOUGH DATA,NOT ENOUGH DATA,1.9,99,99.3,97.4,Coming Soon,6,NORTH PARK,SPANISH,0.06,0.039,0.132,0.099,0.144,0.39,26576,33,-0.5,-1.9,0.9,4.8,0.3,0.442561205,0.057438795,0.006591337,0.073446328,0.297551789,0.292843691,0.196798493
609753,Magnet,723,Generally accessible,N,Y,N,N,20.2,79.8,74.7,Level 1+,Good Standing,ABOVE AVERAGE,AVERAGE,WELL ORGANIZED,VERY STRONG,STRONG,STRONG,STRONG,STRONG,NEUTRAL,NEUTRAL,WEAK,STRONG,0.8,56,92.8,80.2,Coming Soon,2,MOUNT GREENWOOD,SPANISH,0.01,0.01,0.034,0.087,0.043,0.368,34381,16,-1.3,3.4,0.3,4.4,-0.1,0.449515906,0.182572614,0.011065007,0.410788382,0.181189488,0.369294606,0.002766252
609760,Military academy,479,Generally accessible,Y,N,N,Y,18,45.7,91,Level 1,Good Standing,AVERAGE,BELOW AVERAGE,WELL ORGANIZED,STRONG,STRONG,STRONG,NEUTRAL,NEUTRAL,NEUTRAL,STRONG,NEUTRAL,NEUTRAL,0,31,96.6,57.8,Coming Soon,2,RIVERDALE,SPANISH,0.01,0.058,0.565,0.346,0.275,0.515,8201,98,-2.5,-9.3,0.1,5.3,1.2,0.924843424,0.054279749,0.037578288,0.400835073,0.586638831,0.006263048,0
609693,Selective enrollment,1199,Fully Accessible,N,N,N,Y,20.7,76.7,97.6,Level 1+,Good Standing,ABOVE AVERAGE,AVERAGE,WELL ORGANIZED,VERY STRONG,VERY STRONG,VERY STRONG,VERY STRONG,VERY STRONG,NEUTRAL,STRONG,NEUTRAL,STRONG,0.5,62,95,81.4,Coming Soon,7,HUMBOLDT PARK,SPANISH,0.18,0.148,0.339,0.173,0.354,0.38,13781,85,2.3,-3.2,-0.8,4.5,0.3,0.818181818,0.069224354,0.014178482,0.53794829,0.389491243,0.020850709,0.040033361
400022,Contract,621,Generally accessible,N,N,N,N,19.4,79.6,81.1,Level 1+,Good Standing,AVERAGE,AVERAGE,WELL ORGANIZED,NEUTRAL,STRONG,VERY STRONG,NEUTRAL,STRONG,NEUTRAL,NOT ENOUGH DATA,NOT ENOUGH DATA,NOT ENOUGH DATA,-0.2,48,93,82.4,Coming Soon,3,WEST TOWN,SPANISH,0.1,0.023,0.147,0.066,0.129,0.217,43198,10,0.2,-9.1,0.2,0,2.1,0.534621578,0.061191626,0.00805153,0.383252818,0.325281804,0.191626409,0.024154589
609680,Selective enrollment,1072,Fully Accessible,N,Y,N,N,29.6,87.7,95.3,Level 1+,Good Standing,FAR ABOVE AVERAGE,FAR ABOVE AVERAGE,WELL ORGANIZED,VERY STRONG,VERY STRONG,VERY STRONG,STRONG,STRONG,STRONG,NOT ENOUGH DATA,NOT ENOUGH DATA,NOT ENOUGH DATA,2.6,99,99.6,96.5,Coming Soon,3,NEAR NORTH SIDE,SPANISH,0.01,0.019,0.129,0.07,0.025,0.226,88669,1,-1.5,-5,0,4.5,-0.3,0.322761194,0.044776119,0.007462687,0.110074627,0.219216418,0.433768657,0.179104478
610392,Small,351,Fully Accessible,Y,Y,N,Y,17.5,57.8,77.9,Level 1,Good Standing,AVERAGE,BELOW AVERAGE,WELL ORGANIZED,VERY STRONG,STRONG,STRONG,VERY STRONG,VERY STRONG,WEAK,NOT ENOUGH DATA,NOT ENOUGH DATA,NOT ENOUGH DATA,0.3,27,86.6,61.1,Coming Soon,2,SOUTH LAWNDALE,SPANISH,0.44,0.152,0.307,0.158,0.548,0.338,10402,96,1,4.7,-0.6,5.4,1,0.96011396,0.153846154,0.253561254,0.065527066,0.908831909,0.008547009,0
609678,Selective enrollment,1866,Generally accessible,N,N,N,N,26.2,87.3,91.8,Level 1+,Good Standing,FAR ABOVE AVERAGE,FAR ABOVE AVERAGE,WELL ORGANIZED,VERY STRONG,VERY STRONG,VERY STRONG,NEUTRAL,NEUTRAL,STRONG,NOT ENOUGH DATA,NOT ENOUGH DATA,NOT ENOUGH DATA,1.7,97,99.1,94,Coming Soon,5,LOOP,CHINESE,0.02,0.015,0.147,0.057,0.031,0.135,65526,3,-0.5,-19.4,0.6,4.9,0.1,0.392282958,0.067524116,0.009110397,0.138799571,0.283494105,0.3585209,0.13022508
609719,Neighborhood,1387,Generally accessible,N,Y,N,Y,17.5,65.7,91.2,Level 1,Good Standing,BELOW AVERAGE,BELOW AVERAGE,ORGANIZED,NEUTRAL,NEUTRAL,STRONG,NEUTRAL,NEUTRAL,WEAK,NEUTRAL,WEAK,NEUTRAL,-0.7,27,84.1,70.4,Established,5,LAKE VIEW,SPANISH,0.02,0.011,0.114,0.047,0.026,0.17,60058,5,-23.3,-2.4,1.1,4.7,1,0.808940159,0.165825523,0.073540014,0.091564528,0.706560923,0.134102379,0.037490988
400087,Charter,198,Generally accessible,Y,N,N,Y,15.7,61.4,66.7,Level 2+,Not Applicable,AVERAGE,BELOW AVERAGE,PARTIALLY ORGANIZED,NEUTRAL,WEAK,STRONG,WEAK,WEAK,VERY WEAK,NEUTRAL,NEUTRAL,WEAK,-0.4,12,84.5,81.8,Coming Soon,5,DOUGLAS,CHINESE,0.03,0.018,0.296,0.182,0.143,0.307,23791,47,0,0,6.7,0,0.1,0.924242424,0.313131313,0,0.924242424,0.045454545,0.02020202,0
610380,Small,232,Generally accessible,Y,N,N,Y,17.1,74.7,83.5,Level 1,Good Standing,AVERAGE,BELOW AVERAGE,WELL ORGANIZED,STRONG,STRONG,VERY STRONG,VERY STRONG,STRONG,WEAK,STRONG,STRONG,NEUTRAL,-0.5,23,83.1,76.3,Coming Soon,5,GRAND BOULEVARD,SPANISH,0.01,0.033,0.293,0.243,0.159,0.395,23472,57,19.6,13.3,1.5,4.9,-0.5,0.965517241,0.142241379,0.004310345,0.974137931,0.017241379,0.004310345,0
609750,Citywide-Option,38,No/unknown accessibility,N,U,U,Y,16.7,58.53109244,21.4,Level 2,Provisional Support,NO DATA AVAILABLE,BELOW AVERAGE,WELL ORGANIZED,STRONG,STRONG,VERY STRONG,STRONG,VERY STRONG,STRONG,NOT ENOUGH DATA,NOT ENOUGH DATA,NOT ENOUGH DATA,-0.062280702,19,84.72051282,65.80608696,Coming Soon,5,NEAR WEST SIDE,SPANISH,0.02,0.038,0.206,0.107,0.096,0.222,44689,15,2.6,-28.6,-2.2,4.1,-7.7,0.973684211,0.157894737,0.052631579,0.736842105,0.210526316,0.052631579,0
400053,Charter,670,Generally accessible,Y,Y,N,Y,19.5,80.5,81.7,Level 1+,Not Applicable,FAR ABOVE AVERAGE,AVERAGE,WELL ORGANIZED,STRONG,STRONG,VERY STRONG,WEAK,STRONG,WEAK,NOT ENOUGH DATA,NOT ENOUGH DATA,NOT ENOUGH DATA,2.5,50,87.7,73.2,Coming Soon,7,WEST TOWN,SPANISH,0.1,0.023,0.147,0.066,0.129,0.217,43198,10,0,0,1,0,1.1,0.898507463,0.155223881,0.111940299,0.152238806,0.804477612,0.017910448,0.004477612
400062,Charter,329,Generally accessible,Y,Y,N,Y,16.5,75.7,73.1,Level 1+,Not Applicable,ABOVE AVERAGE,BELOW AVERAGE,MODERATELY ORGANIZED,NEUTRAL,WEAK,STRONG,NEUTRAL,NEUTRAL,VERY WEAK,NOT ENOUGH DATA,NOT ENOUGH DATA,NOT ENOUGH DATA,0.5,18,91.6,66.7,Coming Soon,5,AUBURN GRESHAM,SPANISH,0,0.04,0.276,0.283,0.185,0.419,15528,74,0,0,2.3,0,3.2,0.899696049,0.197568389,0.003039514,0.975683891,0.018237082,0,0
610357,Neighborhood,127,No/unknown accessibility,Y,Y,N,Y,15.7,47.2,91.2,Level 2+,Good Standing,BELOW AVERAGE,BELOW AVERAGE,WELL ORGANIZED,STRONG,NEUTRAL,STRONG,STRONG,VERY STRONG,WEAK,STRONG,VERY STRONG,STRONG,-1.2,15,87.8,72.7,Coming Soon,10,SOUTH LAWNDALE,SPANISH,0.44,0.152,0.307,0.158,0.548,0.338,10402,96,11.5,14.7,-1,5.8,0,0.960629921,0.267716535,0.338582677,0.007874016,0.976377953,0.007874016,0
609707,Neighborhood,123,Generally accessible,Y,N,N,Y,13.2,46.4,39.4,Level 3,Intensive Support,FAR BELOW AVERAGE,FAR BELOW AVERAGE,WELL ORGANIZED,STRONG,NEUTRAL,VERY STRONG,NEUTRAL,STRONG,WEAK,NEUTRAL,WEAK,WEAK,-2,3,57.9,38.2,Coming Soon,6,ENGLEWOOD,SPANISH,0,0.038,0.466,0.28,0.285,0.425,11888,94,24.2,7,3.4,3.3,3.8,0.959349593,0.317073171,0,0.975609756,0.008130081,0,0.008130081
400098,Charter,964,Generally accessible,Y,Y,N,Y,21.8,88.4,86.4,Level 1+,Not Applicable,FAR ABOVE AVERAGE,ABOVE AVERAGE,WELL ORGANIZED,VERY STRONG,VERY STRONG,VERY STRONG,STRONG,VERY STRONG,NEUTRAL,NOT ENOUGH DATA,NOT ENOUGH DATA,NOT ENOUGH DATA,3.4,74,95,82.2,Coming Soon,5,LOOP,CHINESE,0.02,0.015,0.147,0.057,0.031,0.135,65526,3,0,0,-0.6,0,1.1,0.834024896,0.114107884,0.06846473,0.272821577,0.670124481,0.006224066,0.039419087
610506,Small,94,Generally accessible,Y,N,N,Y,14.3,50.7,73.9,Level 2,Intensive Support,BELOW AVERAGE,FAR BELOW AVERAGE,PARTIALLY ORGANIZED,VERY WEAK,NEUTRAL,NEUTRAL,NEUTRAL,NEUTRAL,VERY WEAK,NOT ENOUGH DATA,NOT ENOUGH DATA,NOT ENOUGH DATA,-1.5,6,60,44.1,Coming Soon,5,ENGLEWOOD,SPANISH,0,0.038,0.466,0.28,0.285,0.425,11888,94,-35.2,-7.7,11.7,4.9,-2.7,0.925531915,0.20212766,0,0.989361702,0.010638298,0,0
400013,Charter,378,Fully Accessible,Y,Y,N,Y,14.9,29.5,67.9,Level 2+,Not Applicable,BELOW AVERAGE,BELOW AVERAGE,WELL ORGANIZED,VERY STRONG,STRONG,VERY STRONG,VERY STRONG,VERY STRONG,WEAK,NEUTRAL,STRONG,NEUTRAL,-1.2,10,88.6,73.3,Coming Soon,5,AVONDALE,SPANISH,0.32,0.06,0.153,0.092,0.247,0.31,20039,42,0,0,-3.2,0,4.4,0.947089947,0.251322751,0.272486772,0.031746032,0.925925926,0.013227513,0.007936508
609679,Career academy,1398,Generally accessible,N,Y,N,Y,18.1,66.4,88.2,Level 1+,Good Standing,AVERAGE,BELOW AVERAGE,WELL ORGANIZED,STRONG,NEUTRAL,STRONG,NEUTRAL,STRONG,WEAK,NOT ENOUGH DATA,NOT ENOUGH DATA,NOT ENOUGH DATA,-0.3,34,94.7,70.1,Established,4,BELMONT CRAGIN,SPANISH,0.33,0.108,0.187,0.146,0.373,0.373,15461,70,3.8,-2.3,-0.5,4.5,1.6,0.941344778,0.129470672,0.058655222,0.180257511,0.787553648,0.019313305,0.005007153
610499,Small,256,Generally accessible,Y,N,N,Y,14.7,41.2,58.9,Level 3,Intensive Support,FAR BELOW AVERAGE,FAR BELOW AVERAGE,NOT YET ORGANIZED,VERY WEAK,WEAK,NEUTRAL,VERY WEAK,WEAK,VERY WEAK,NOT ENOUGH DATA,NOT ENOUGH DATA,NOT ENOUGH DATA,-2,7,69.7,29.6,Coming Soon,10,NORTH LAWNDALE,SPANISH,0.02,0.074,0.431,0.212,0.276,0.427,12034,87,-19.1,36.5,-1.3,4.4,-0.2,0.99609375,0.23046875,0.00390625,0.98046875,0.015625,0,0
400061,Charter,428,Generally accessible,Y,N,N,Y,16.8,53.2,75.2,Level 1,Not Applicable,ABOVE AVERAGE,BELOW AVERAGE,WELL ORGANIZED,STRONG,NEUTRAL,STRONG,STRONG,STRONG,VERY WEAK,STRONG,STRONG,NEUTRAL,0.6,20,90.7,72.5,Coming Soon,5,AUBURN GRESHAM,SPANISH,0,0.04,0.276,0.283,0.185,0.419,15528,74,0,0,2,0,4.8,0.948598131,0.177570093,0,0.974299065,0.011682243,0,0
609751,Selective enrollment,598,Generally accessible,N,N,N,Y,20.6,82.1,89.4,Level 1+,Good Standing,AVERAGE,AVERAGE,PARTIALLY ORGANIZED,NEUTRAL,NEUTRAL,VERY STRONG,WEAK,WEAK,WEAK,NOT ENOUGH DATA,NOT ENOUGH DATA,NOT ENOUGH DATA,0.4,60,90.1,86.9,Coming Soon,3,KENWOOD,SPANISH,0.01,0.024,0.217,0.157,0.113,0.354,35911,26,2.6,18.4,0,4.5,0.5,0.822742475,0.091973244,0.025083612,0.939799331,0.038461538,0.001672241,0.010033445
609766,Special Education,234,Generally accessible,N,U,U,Y,17.46752137,10.8,27.8,Inability to Rate,Good Standing,NO DATA AVAILABLE,NO DATA AVAILABLE,WELL ORGANIZED,VERY STRONG,NEUTRAL,STRONG,STRONG,STRONG,NEUTRAL,VERY STRONG,STRONG,STRONG,-0.062280702,29.64957265,95.2,65.80608696,Coming Soon,4,PORTAGE PARK,SPANISH,0.12,0.041,0.116,0.126,0.193,0.34,24336,35,-1.7,44.7,1.2,4.7,0.9,0.799145299,1,0.35042735,0.213675214,0.555555556,0.205128205,0.021367521
400032,Charter,425,Generally accessible,Y,N,N,Y,16.3,64.3,78.6,Level 2+,Not Applicable,AVERAGE,BELOW AVERAGE,WELL ORGANIZED,STRONG,NEUTRAL,STRONG,STRONG,STRONG,WEAK,NOT ENOUGH DATA,NOT ENOUGH DATA,NOT ENOUGH DATA,-0.1,16,71.4,61,Coming Soon,5,AUBURN GRESHAM,SPANISH,0,0.04,0.276,0.283,0.185,0.419,15528,74,0,0,4.6,0,0,0.92,0.188235294,0,0.981176471,0.007058824,0,0
609768,Neighborhood,95,No/unknown accessibility,Y,N,N,Y,14.7,44.8,71.4,Level 2,Intensive Support,BELOW AVERAGE,FAR BELOW AVERAGE,WELL ORGANIZED,NEUTRAL,NEUTRAL,STRONG,STRONG,STRONG,WEAK,NOT ENOUGH DATA,NOT ENOUGH DATA,NOT ENOUGH DATA,-0.7,8,84.4,40.5,Coming Soon,6,ENGLEWOOD,SPANISH,0,0.038,0.466,0.28,0.285,0.425,11888,94,-7.7,-11.5,-1.9,4.8,-1.5,0.989473684,0.515789474,0.115789474,0.789473684,0.168421053,0.031578947,0
400102,Charter,225,Generally accessible,Y,N,N,Y,16.6,74.6,64.1,Level 2,Not Applicable,AVERAGE,BELOW AVERAGE,PARTIALLY ORGANIZED,NEUTRAL,NEUTRAL,NEUTRAL,WEAK,NEUTRAL,VERY WEAK,VERY STRONG,STRONG,NEUTRAL,0.3,19,74.7,61.1,Coming Soon,7,NEAR WEST SIDE,SPANISH,0.02,0.038,0.206,0.107,0.096,0.222,44689,15,0,0,3.9,0,-4.2,0.875555556,0.262222222,0,0.977777778,0.013333333,0,0
609695,Neighborhood,1223,Fully Accessible,Y,Y,Y,Y,18.2,54.4,82.8,Level 1,Good Standing,AVERAGE,BELOW AVERAGE,WELL ORGANIZED,STRONG,STRONG,STRONG,STRONG,VERY STRONG,NEUTRAL,NOT ENOUGH DATA,NOT ENOUGH DATA,NOT ENOUGH DATA,-0.1,35,94.4,72,Exemplary,5,LINCOLN SQUARE,SPANISH,0.08,0.034,0.109,0.082,0.134,0.255,37524,17,3.3,-7.9,-1.3,4.1,1.1,0.814390842,0.13736713,0.085036795,0.119378577,0.595257563,0.1210139,0.133278823
400091,Contract,245,Fully Accessible,Y,Y,N,Y,15.6,60,69.5,Level 2,Intensive Support,BELOW AVERAGE,BELOW AVERAGE,ORGANIZED,WEAK,NEUTRAL,STRONG,NEUTRAL,STRONG,WEAK,NOT ENOUGH DATA,NOT ENOUGH DATA,NOT ENOUGH DATA,-1,12,76.6,46.2,Coming Soon,9,NEAR WEST SIDE,SPANISH,0.02,0.038,0.206,0.107,0.096,0.222,44689,15,-0.3,13.6,-0.5,0,0,0.906122449,0.248979592,0.012244898,0.771428571,0.183673469,0.032653061,0.008163265
609710,Neighborhood,387,Generally accessible,N,N,N,Y,15.2,48,54.6,Level 3,Intensive Support,BELOW AVERAGE,BELOW AVERAGE,NOT YET ORGANIZED,WEAK,WEAK,STRONG,WEAK,WEAK,VERY WEAK,NOT ENOUGH DATA,NOT ENOUGH DATA,NOT ENOUGH DATA,-1.3,10,58.1,49.6,Coming Soon,4,ROSELAND,SPANISH,0,0.025,0.198,0.203,0.169,0.412,17949,52,-35.7,0.8,-3.7,4.2,-0.8,0.943152455,0.273901809,0,0.989664083,0.002583979,0.002583979,0
609735,Neighborhood,239,Generally accessible,Y,Y,N,Y,14.5,31.7,50,Level 2,Intensive Support,BELOW AVERAGE,FAR BELOW AVERAGE,ORGANIZED,WEAK,NEUTRAL,STRONG,STRONG,STRONG,WEAK,STRONG,STRONG,STRONG,-1.1,7,70.8,34.4,Coming Soon,6,NEW CITY,SPANISH,0.27,0.119,0.29,0.23,0.415,0.389,12765,91,8.6,-23,0.2,5.2,2.1,0.941422594,0.351464435,0.075313808,0.556485356,0.317991632,0.087866109,0.0041841
400059,Charter,351,Generally accessible,Y,Y,N,Y,14.5,63.2,69.7,Level 2,Not Applicable,FAR BELOW AVERAGE,FAR BELOW AVERAGE,ORGANIZED,NEUTRAL,NEUTRAL,STRONG,NEUTRAL,NEUTRAL,WEAK,VERY STRONG,STRONG,NEUTRAL,-1.7,7,83.1,51.7,Coming Soon,11,NORTH LAWNDALE,SPANISH,0.02,0.074,0.431,0.212,0.276,0.427,12034,87,0,0,-0.5,0,-0.1,0.968660969,0.176638177,0,0.991452991,0.005698006,0,0
609682,Neighborhood,218,Generally accessible,Y,Y,N,Y,14.6,47.4,71.7,Level 2,Intensive Support,FAR BELOW AVERAGE,FAR BELOW AVERAGE,PARTIALLY ORGANIZED,WEAK,NEUTRAL,NEUTRAL,WEAK,NEUTRAL,VERY WEAK,NOT ENOUGH DATA,NOT ENOUGH DATA,NOT ENOUGH DATA,-1.9,7,71.4,36.7,Emerging,6,NEW CITY,SPANISH,0.27,0.119,0.29,0.23,0.415,0.389,12765,91,-22.7,-7.8,6.5,4.5,-1.5,0.899082569,0.266055046,0.288990826,0.399082569,0.591743119,0.009174312,0
609711,Neighborhood,136,Generally accessible,Y,N,N,Y,14.6,31.9,62.1,Level 2,Intensive Support,BELOW AVERAGE,FAR BELOW AVERAGE,ORGANIZED,NEUTRAL,NEUTRAL,STRONG,NEUTRAL,STRONG,VERY WEAK,STRONG,STRONG,STRONG,-1.3,7,76.4,32.4,Coming Soon,6,WEST ENGLEWOOD,SPANISH,0.01,0.048,0.344,0.359,0.263,0.407,11317,89,-52.4,-29.4,-0.2,4.5,-1,0.992647059,0.294117647,0.029411765,0.955882353,0.036764706,0,0
400097,Charter,1146,Generally accessible,Y,N,N,Y,21.7,84.4,71.5,Level 1+,Not Applicable,FAR ABOVE AVERAGE,ABOVE AVERAGE,WELL ORGANIZED,NEUTRAL,VERY STRONG,VERY STRONG,STRONG,STRONG,NEUTRAL,NOT ENOUGH DATA,NOT ENOUGH DATA,NOT ENOUGH DATA,4,73,91.7,81,Coming Soon,6,NEAR WEST SIDE,SPANISH,0.02,0.038,0.206,0.107,0.096,0.222,44689,15,0,0,-1.1,0,3.5,0.881326353,0.140488656,0.078534031,0.328970332,0.657068063,0.003490401,0.005235602
610304,Military academy,533,Generally accessible,Y,Y,N,Y,19,45.2,91.5,Level 1+,Good Standing,ABOVE AVERAGE,AVERAGE,WELL ORGANIZED,VERY STRONG,STRONG,VERY STRONG,STRONG,STRONG,WEAK,STRONG,STRONG,STRONG,0.6,43,94.9,65.5,Emerging,2,NEAR WEST SIDE,SPANISH,0.02,0.038,0.206,0.107,0.096,0.222,44689,15,-6.9,-14.2,0.3,5.5,0.6,0.943714822,0.061913696,0.046904315,0.168855535,0.801125704,0.005628518,0.011257036
610390,Military academy,556,Generally accessible,Y,N,N,Y,18,63.3,87.6,Level 1,Good Standing,BELOW AVERAGE,BELOW AVERAGE,ORGANIZED,NEUTRAL,STRONG,NEUTRAL,NEUTRAL,NEUTRAL,WEAK,NOT ENOUGH DATA,NOT ENOUGH DATA,NOT ENOUGH DATA,-0.7,32,95.8,67.1,Established,5,EDGEWATER,SPANISH,0.05,0.041,0.182,0.092,0.097,0.238,33385,19,-7.7,-27.6,0.2,5.4,0.2,0.888489209,0.104316547,0.052158273,0.09352518,0.744604317,0.082733813,0.055755396
